To,Name,Subject,StartDate,StartTime,EndDate,EndTime,Occurrence,Body,CCEmail,CCName
AdeleV@61lpk6.onmicrosoft.com,Adele Vance,Project Update Meeting,2023-12-25,14:30:00,2023-12-25,15:30:00,once,Please join us for the project update meeting. Your insights are valuable.,MeganB@61lpk6.onmicrosoft.com,Megan Bowen
AlexW@61lpk6.onmicrosoft.com,Alex Wilber,Quarterly Review - Q4,2023-12-26,10:00:00,2023-12-26,11:30:00,once,Review and discuss the achievements and challenges of the fourth quarter.,MiriamG@61lpk6.onmicrosoft.com,Miriam Graham
DiegoS@61lpk6.onmicrosoft.com,Diego Siciliani,Team Building Activity Review,2023-12-27,15:30:00,2024-01-27,17:30:00,daily,Get ready for some fun team-building exercises this Wednesday afternoon!,NestorW@61lpk6.onmicrosoft.com,Nestor Wilke
GradyA@61lpk6.onmicrosoft.com,Grady Archie,Weekly Status Call,2023-12-28,09:00:00,2024-02-28,10:00:00,weekly,Let's catch up on the weekly status. Be prepared to discuss your current tasks and roadblocks.,PattiF@61lpk6.onmicrosoft.com,Patti Fernandez
HenriettaM@61lpk6.onmicrosoft.com,Henrietta Mueller,Feedback Session - Marketing Strategy,2023-12-29,14:00:00,2023-12-29,15:30:00,once,Provide your feedback on the proposed marketing strategy during this important session.,PradeepG@61lpk6.onmicrosoft.com,Pradeep Gupta
IsaiahL@61lpk6.onmicrosoft.com,Isaiah Langer,Project Update Meeting,2023-12-25,14:30:00,2024-01-25,15:30:00,daily,Please join us for the project update meeting. Your insights are valuable.,NestorW@61lpk6.onmicrosoft.com,Nestor Wilke
JoniS@61lpk6.onmicrosoft.com,Joni Sherman,Client Presentation,2023-12-30,11:00:00,2023-12-30,13:00:00,once,Prepare for the client presentation scheduled for the end of the week.,MeganB@61lpk6.onmicrosoft.com,Megan Bowen
LeeG@61lpk6.onmicrosoft.com,Lee Gu,Quarterly Review - Q4,2023-12-26,10:00:00,2023-12-26,11:30:00,once,Review and discuss the achievements and challenges of the fourth quarter.,NestorW@61lpk6.onmicrosoft.com,Nestor Wilke
LidiaH@61lpk6.onmicrosoft.com,Lidia Holloway,Weekly Status Call,2023-12-28,09:00:00,2024-02-28,10:00:00,weekly,Let's catch up on the weekly status. Be prepared to discuss your current tasks and roadblocks.,PattiF@61lpk6.onmicrosoft.com,Patti Fernandez
LynneR@61lpk6.onmicrosoft.com,Lynne Robbins,Feedback Session - Marketing Strategy,2023-12-29,14:00:00,2023-12-29,15:30:00,once,Provide your feedback on the proposed marketing strategy during this important session.,PradeepG@61lpk6.onmicrosoft.com,Pradeep Gupta
